,x_1,x_2,y
0,2.0644296514467197,0.546069086070731,1.0
1,1.762473261484448,-0.06268920285178106,1.0
2,-0.24548972654900278,1.068868024796405,0.0
3,-0.17463045222800389,0.18388168037297553,1.0
4,0.4521100769674068,-0.40651213749666293,1.0
5,1.9396117132053508,0.43090598314745787,1.0
6,0.898613370647941,0.8226576504874641,0.0
7,0.052218958530233006,1.3636857785600163,0.0
8,-0.6284662881051902,1.1413048711192604,0.0
9,0.6634604509484995,-0.6125562350396532,1.0
10,-1.157105847918854,0.5046698798773829,0.0
11,0.08847196293618227,0.2611769462956448,1.0
12,1.530782406227999,-0.5741802797398721,1.0
13,0.11666165192119723,1.1541285242878945,0.0
14,0.07488627836577069,-0.024772243358420203,1.0
15,0.801210827282715,0.7442581400031067,0.0
16,1.7859591712788203,0.10728645727127631,1.0
17,0.5216048709575465,1.0746141249299734,0.0
18,1.0912876853723485,0.7035659465745256,0.0
19,0.7030668127242636,0.9095294599350339,0.0
20,0.7403849496619924,0.7461911295336012,0.0
21,-0.9231363778235715,0.5764785455360131,0.0
22,-0.6249859334101415,1.074112378836795,0.0
23,-0.3581500242907457,1.3641718378119614,0.0
24,1.733885396681933,-0.23700184250465794,1.0
25,1.5220468449516205,-0.32313305190465713,1.0
26,1.1741166277135116,0.5066081715731392,0.0
27,1.0153469918090214,1.0610694236141036,0.0
28,1.035236018895663,-0.3689486303429871,1.0
29,0.8388678543875736,0.5174127477719368,0.0
30,1.6754957397970294,-0.36221964093060366,1.0
31,0.882411219812422,-0.32609640268855306,1.0
32,0.03711850632834715,-0.16938582404584468,1.0
33,1.2781564736910769,-0.6829338735154218,1.0
34,-0.7787722223406166,0.934026108446938,0.0
35,0.8428872777240656,-0.5305562357141822,1.0
36,1.8597654592785533,0.35627475011111687,1.0
37,-0.6834417190281183,1.0731610999712378,0.0
38,1.8454318962400134,0.16368558232158723,1.0
39,-0.06451141678824525,1.371397131130058,0.0
40,0.20497802160634,1.5949031257984796,0.0
41,1.8337617808616138,0.5858830875684554,1.0
42,0.37120941814319053,-0.18209561047903935,1.0
43,0.7946227223105682,-0.2061472693196498,1.0
44,-0.34693510476842493,1.6828530389498897,0.0
45,1.4609518864025524,-0.31423359911258564,1.0
46,1.6462948947946214,-0.5737535347964889,1.0
47,0.5042029100675365,1.1624293632311593,0.0
48,-0.4279502777862496,1.2999873980282186,0.0
49,0.2944963109500578,-0.25769094092555545,1.0
50,-0.28279764035309274,1.1494642875749586,0.0
51,-0.4110692039038738,1.4236537330758279,0.0
52,-0.2021361398649307,1.2049435737963168,0.0
53,-0.883046858929722,0.6914077457100323,0.0
54,1.5332830902077186,-0.18616158368503988,1.0
55,0.3198459169250544,-0.1252787251319886,1.0
56,-0.005559768955595679,1.4524716869229621,0.0
57,-0.19283564105433273,1.3990666882314293,0.0
58,2.242279625292429,0.44098977449965326,1.0
59,-0.4306404764906867,1.2311363662182115,0.0
60,0.1700988285263616,0.22787651159052902,1.0
61,0.716721096613679,-0.10870629765212822,1.0
62,0.65214136589273,1.3160576745410792,0.0
63,0.5500332222905195,1.2572239392278897,0.0
64,-0.8254115305572208,0.9058392312944836,0.0
65,0.1677457872103925,1.3482362153924186,0.0
66,-0.2933956365858485,1.4900801033052224,0.0
67,0.2357264484887093,0.4524717101103741,1.0
68,-0.02427888148931298,1.2540184820750273,0.0
69,-0.11630621612194542,0.11899228421896571,1.0
70,1.008856637560152,-0.6734803250657925,1.0
71,-0.40975615418574857,1.542703748877683,0.0
72,1.043257596482892,-0.25188264586098313,1.0
73,-0.06582924981351955,1.485210851594481,0.0
74,1.7977361249090622,0.18139785109110787,1.0
75,-1.2012768735562682,0.9792617709066196,0.0
76,-0.6518289736468724,0.8738719435958497,0.0
77,1.3204340920439488,-0.4458316221609766,1.0
78,0.13037588925871407,-0.11349937542149534,1.0
79,0.42889752829248656,-0.6321911659298787,1.0
80,0.038732256046353386,1.3852450897895916,0.0
81,-1.0787678691387899,0.8282271006342529,0.0
82,-0.7071017088493501,1.1520623066569278,0.0
83,1.739036608116487,0.3534270800225966,1.0
84,1.6453073539814873,0.012338126988829794,1.0
85,0.6629033430889416,-0.4312370840131092,1.0
86,0.2738362760785411,1.5301402670271171,0.0
87,0.0758623843553944,0.3911917637703993,1.0
88,-1.131394387173055,0.41174902170711136,0.0
89,1.9259773108337406,-0.3170878819009567,1.0
90,-1.216462271359726,0.7965961935220638,0.0
91,-0.9947039387088863,0.4631669283074916,0.0
92,1.9008049141871362,0.1371491510622747,1.0
93,-0.27746828698145,1.3961742693962118,0.0
94,0.39089215462379756,-0.39026781283166473,1.0
95,-1.1315045321067918,0.6105425503932506,0.0
96,0.19404444273635335,-0.10344675026071165,1.0
97,0.9653664348785885,0.8964872481756616,0.0
98,-0.4506068808358866,1.2122994650143615,0.0
99,0.3971021707336381,-0.29518905334605694,1.0
100,1.3907821787406778,-0.469122354794644,1.0
101,1.5164225962858844,-0.322186574451177,1.0
102,0.5458646602096786,0.810844550436007,0.0
103,2.0115402183911457,-0.1439918961690415,1.0
104,-0.5657244781375378,1.4856535623941487,0.0
105,0.26559501751592396,0.013031784457643192,1.0
106,0.5910525710887717,-0.5297555204366993,1.0
107,1.3342720523061782,-0.2542156493488654,1.0
108,1.811217813223001,0.24294388278333826,1.0
109,0.21500150333834364,1.6000553634937056,0.0
110,0.817727565657977,1.0540286758380382,0.0
111,0.10635417996539266,-0.0517896149864888,1.0
112,-1.0210081353481555,0.7093817725247983,0.0
113,0.0021839603519066084,0.42537209581851315,1.0
114,0.1482910690775607,1.3154763149942017,0.0
115,-0.8732711633827337,1.0483742971947732,0.0
116,0.11165698293811041,0.30174314292701704,1.0
117,-0.7821827897970224,1.0730444349564627,0.0
118,-0.9353287516489894,0.3553793214095879,0.0
119,0.2510383706166408,0.5307441685015652,1.0
120,1.3918789144538732,-0.6977113345454546,1.0
121,1.5302279371714538,-0.287007995509161,1.0
122,0.6532136031357806,1.0827697336900863,0.0
123,1.7900320073842797,0.2847630748416693,1.0
124,1.311951829294662,0.6805998961993425,0.0
125,1.652359359082599,-0.3567039870744997,1.0
126,-0.3596332871957136,1.3255137598719808,0.0
127,-0.2860286149367169,1.325669910005311,0.0
128,1.962075443543928,-0.09524377215636576,1.0
129,0.26755240285891524,-0.07237235402832615,1.0
130,-1.101889342598742,0.5332829811677096,0.0
131,0.5703256364034088,-0.24036594691758892,1.0
132,0.10716957842032082,0.01944284240406703,1.0
133,0.8914975545329804,-0.4195841957022975,1.0
134,0.9496714046630297,-0.5519121547663141,1.0
135,0.09957847249470655,-0.31874503946404503,1.0
136,-0.35255092851262826,1.2323221539223526,0.0
137,0.9502563875707152,0.2080546842437166,0.0
138,0.08167280500717977,0.2857388426787415,1.0
139,1.8683530028044142,-0.21939368674480353,1.0
140,0.811561844603857,0.9046172592306049,0.0
141,-0.04161015411459501,-0.24190124121185486,1.0
142,-0.15113643316781206,0.23814369373685074,1.0
143,-0.00209842829462115,1.1860354569712817,0.0
144,-0.3738489503504568,1.2053319357817363,0.0
145,-0.9161588165506905,0.9769395002098744,0.0
146,-0.8271746278012609,1.352587660158485,0.0
147,-0.8010229777094613,0.8503466753475384,0.0
148,0.9190505221946933,0.6976989205165047,0.0
149,1.0191022567175685,0.9067371360126402,0.0
150,0.052093355122950796,1.4190319705956642,0.0
151,1.174428229966852,0.7940420344748016,0.0
152,-0.609755015255934,0.8846727789619975,0.0
153,1.2958969611364595,-0.4309623024629305,1.0
154,1.9333413648440214,0.15646470572964563,1.0
155,1.7532169454963036,0.44182682714740873,1.0
156,-1.0036487483437257,0.7990580503736754,0.0
157,-0.6696130052956858,1.1921358303523006,0.0
158,1.7057751840601363,-0.3449755294340745,1.0
159,-1.0395712726773745,0.40250686298571037,0.0
160,0.4044925555328772,0.05297530370247156,1.0
161,1.7986591966516907,0.2965229634163066,1.0
162,0.5549869326430135,-0.3643650671819094,1.0
163,1.7069976013878794,-0.18657799510076867,1.0
164,1.7018442824052644,0.4102626065381585,1.0
165,-0.5786757988244403,1.0847318587072818,0.0
166,-0.5091266273111906,1.1168267742921691,0.0
167,2.140562927804453,0.2822386963341255,1.0
168,-0.7587492667398482,1.109591877073308,0.0
169,-1.0483890604790893,1.004369945786155,0.0
170,2.1068366964672602,0.09721848800160826,1.0
171,1.1600549787991894,-0.6684430433746409,1.0
172,0.7288296344631926,1.3478654042397809,0.0
173,1.2877173868503466,-0.43202491867733206,1.0
174,-0.9726215109654363,0.5825898075448097,0.0
175,0.882301418704798,-0.6174473599109185,1.0
176,-0.26624981332410047,1.2244687963380396,0.0
177,0.400900993575328,-0.07915807525486096,1.0
178,1.6079671849798907,-0.2341375950010534,1.0
179,0.5409812323109078,1.0903820721630368,0.0
180,1.2177444877788488,-0.6375919773987916,1.0
181,1.903848625780051,0.6899061819399359,1.0
182,-0.9154177535081086,0.44865271571168164,0.0
183,-0.32369294669016146,1.2863574811988006,0.0
184,2.033859170166297,0.2941974158413474,1.0
185,1.8407217522601131,0.020271596079795624,1.0
186,0.8135655661703554,-0.5054281490411008,1.0
187,-1.0282900335762564,0.8090277511123687,0.0
188,1.141152046228725,-0.7363822255497936,1.0
189,0.3357698735223993,1.2010224662229354,0.0
190,1.6396515554376396,-0.20632684162560022,1.0
191,1.5200774567794821,-0.26736763448191236,1.0
192,-0.691744851114906,0.8837719676663209,0.0
193,0.8573229528719519,0.5768459124920684,0.0
194,1.2005979660298665,-0.4299845687989603,1.0
195,0.5025175745096798,-0.30906317854861176,1.0
196,0.9093776901620911,-0.36310758068005244,1.0
197,0.39192811719941245,1.1981048819144298,0.0
198,0.5855841365052223,-0.23144649863637515,1.0
199,0.7070396514653856,1.4798749494794619,0.0
200,0.5411042037410273,-0.36484130871365483,1.0
201,0.15609917252422661,0.3787829308649798,1.0
202,-0.3330334740248911,1.0205962449224555,0.0
203,1.7689204016030433,0.5089359754063661,1.0
204,1.70187205253247,-0.4723087914521352,1.0
205,0.37008667850175336,-0.003441120859111524,1.0
206,1.3394543035082032,-0.43222846811348603,1.0
207,0.031972108021282246,0.3616763414195902,1.0
208,0.009496371265707217,0.4830210606032104,1.0
209,1.932040695083184,0.13192535130454847,1.0
210,0.7627801838524617,1.0515967921321585,0.0
211,0.1833065937804766,-0.39520527292692686,1.0
212,0.868834094336278,0.5668617901621484,0.0
213,1.9256924052361537,0.10666474437195997,1.0
214,1.7781895739446039,-0.17127923489635216,1.0
215,1.695481914863382,0.5736729982926562,1.0
216,0.45143323712065175,1.5670319255825844,0.0
217,0.7460150943108271,1.4655512502282941,0.0
218,0.8797128959633578,0.48551680132303077,0.0
219,0.021456849629351835,-0.12234166975890308,1.0
220,1.385747316139925,-0.44170250508468173,1.0
221,0.027948852239621902,0.08875705784648688,1.0
222,1.9256723429621925,0.22330859145338347,1.0
223,-0.1036920288080845,1.4305201685500721,0.0
224,-0.8038674728714015,1.041350681211117,0.0
225,-0.3972514625364879,1.1955946509197473,0.0
226,0.09246170318924696,-0.06977243947557488,1.0
227,-0.10349943201421587,0.27799319878598167,1.0
228,0.8352079369274974,0.5680967616204265,0.0
229,-0.6231376836012132,0.5443348701519796,0.0
230,-0.09398800028373755,0.22271433383198808,1.0
231,-0.2857147706636502,1.289318528423434,0.0
232,0.12568877654840652,-0.16797666550971466,1.0
233,1.05521265547633,-0.6487049692254605,1.0
234,0.5696391244388068,0.6798155499809453,0.0
235,0.700804514928252,0.6614746655985507,0.0
236,0.6370451633467933,-0.291421856047272,1.0
237,0.46585559689274064,1.1755968259029692,0.0
238,0.8771984129616152,-0.37931928076905225,1.0
239,0.16681740735657363,1.318608328965004,0.0
240,0.22565633078166855,0.4414913554781335,1.0
241,-0.9862755212519957,0.40819623909772296,0.0
242,0.4481058643583272,1.6395267272031484,0.0
243,-0.7939487281183069,1.0426734768776802,0.0
244,2.066984688426167,0.3586724010258279,1.0
245,-0.9362981281798037,0.8442154582397987,0.0
246,-0.9486481530550387,1.2596787088368542,0.0
247,0.9557044721795402,0.46812007742813877,0.0
248,-0.7117802710237633,0.394114014154614,0.0
249,0.4222483243895715,-0.3906454696557635,1.0
250,0.13840830327393297,1.3017946450421747,0.0
251,0.27474147481718736,-0.3572865283418066,1.0
252,0.8829632240071188,0.6748154238010363,0.0
253,2.100545194877404,0.31184217511881596,1.0
254,0.6787249187288822,0.8572384396334016,0.0
255,1.3120665246584073,-0.8682500535254098,1.0
256,0.39166242813559354,-0.01498374215010334,1.0
257,-0.7683605853840143,0.7052662044553776,0.0
258,2.084484421230809,-0.22485360621819483,1.0
259,1.2353393134512076,0.6008651135568774,0.0
260,2.092302117579044,0.17003491614698124,1.0
261,0.901417238305729,-0.4155044333260053,1.0
262,-0.8301502707814371,0.8837089546672671,0.0
263,0.8836168562831268,1.247702715702205,0.0
264,1.6266812006075018,-0.438025499758593,1.0
265,0.2886339862333982,-0.03947429067080617,1.0
266,1.0988323056056328,-0.5055667977319899,1.0
267,-1.253124456129798,0.3024200175201294,0.0
268,-0.8722602725992836,1.5776603396727626,0.0
269,-0.8075817456492939,1.1782539949679585,0.0
270,1.0600001130138081,-0.39479869689800495,1.0
271,-0.044896234819705824,0.15434667911940494,1.0
272,0.8608763389360293,0.8407757698909735,0.0
273,0.563489333583066,1.3651649839041942,0.0
274,0.9828501247311014,-0.3339850830220989,1.0
275,1.6860011163087105,-0.43023589521699673,1.0
276,1.5538381710219007,-0.5194924676560351,1.0
277,-0.16351461180439905,0.35254802047734096,1.0
278,-1.0991521219709726,0.6978120807727967,0.0
279,0.307541074865446,1.1474499770195563,0.0
280,1.9878583292934644,0.46498882294027144,1.0
281,-0.5647963160451146,1.4905362206809443,0.0
282,-0.5775061157051552,1.14969908286044,0.0
283,1.4545329574172083,-0.2451754073561082,1.0
284,1.325444881948627,-0.3150932946614966,1.0
285,0.9605822557623666,0.7426399753789568,0.0
286,1.7360737042950607,-0.29479388992724276,1.0
287,1.5866680847353793,-0.3363915188148182,1.0
288,0.5272793158911755,1.326728730279436,0.0
289,0.0688176871454098,1.5605090260285581,0.0
290,0.26446431755469524,-0.42946333627083566,1.0
291,0.01657015854998911,1.3749847683485732,0.0
292,0.9293572519020643,-0.47345559349698446,1.0
293,2.2890426986404058,0.4788155291973887,1.0
294,0.6567768533108339,-0.46664261351019787,1.0
295,0.3857022418226781,1.2712394519981127,0.0
296,1.9280855823018355,0.45131304358867447,1.0
297,1.8613739310463946,0.31137467979866823,1.0
298,-1.099751549697707,0.5984575501715501,0.0
299,1.0339712149244686,0.4739849847362267,0.0
300,0.8931934801468765,1.1330594551144784,0.0
301,0.6689106363367086,1.0144500108394365,0.0
302,-1.1639193749025256,0.5680207676785755,0.0
303,-0.8237849387338241,0.9219610682790859,0.0
304,-0.947463161795914,0.7679850091708476,0.0
305,-0.2509247338314129,1.386241975716912,0.0
306,1.519272145270478,-0.5849369776074811,1.0
307,2.014159820395127,-0.21456454457682517,1.0
308,-0.6213913090632974,1.2870662357733607,0.0
309,1.3342926433310331,-0.08736015071455083,1.0
310,1.9088077123809304,0.15692074611953982,1.0
311,1.7749008302531513,0.2689219045541177,1.0
312,-0.06195340019548151,0.3892582837105585,1.0
313,0.8402142647841719,0.7217389032430613,0.0
314,1.7666326153968168,-0.2394322110794948,1.0
315,-0.7411139652316372,1.2810504008881178,0.0
316,-0.8619678891051614,0.9380120639101932,0.0
317,-0.04547115327791407,1.4232780020116338,0.0
318,0.8356584055163176,0.5681459172391305,0.0
319,1.0950606556480287,0.8168210280297681,0.0
320,0.4299028512454252,1.168545349601536,0.0
321,-0.05292871890895263,0.3719582738520226,1.0
322,2.0157831542184157,0.1931001716808712,1.0
323,0.6261979435951062,1.0396811973450215,0.0
324,-0.24122123145785035,1.4275309817166861,0.0
325,0.9884605231330426,0.9565730076195531,0.0
326,0.8919717476205765,0.8699627588087557,0.0
327,-0.007578896316146282,0.5920149145535413,1.0
328,-0.07330391746809245,1.1713550764623024,0.0
329,1.1538969180294625,-0.2685645161602064,1.0
330,1.6394568134971461,-0.3997297370134445,1.0
331,1.224624476643588,-0.5104776640791363,1.0
332,0.9518691095208889,0.7119511569460402,0.0
333,1.3669483702030478,-0.5826527212600532,1.0
334,1.0900921169324749,0.6559896835661814,0.0
335,-1.1643063169557817,0.7248745506501122,0.0
336,0.5694364123819843,1.1553063533422407,0.0
337,0.3379662472824751,-0.49628253077760087,1.0
338,-0.9045312810826265,0.9363495968109541,0.0
339,0.6115660329006036,-0.7943073231481236,1.0
340,1.6855846609801124,0.1176032045763719,1.0
341,-0.9732616833518029,0.5853030404742725,0.0
342,0.7485705122791476,1.2988843844203108,0.0
343,0.7901666755461303,0.260354514980137,0.0
344,0.6034268961361493,0.977341379744398,0.0
345,-0.4052420423280392,1.3567366266374936,0.0
346,0.9161098778380117,1.0224438200734052,0.0
347,0.7221704191545155,0.5439327757543496,0.0
348,0.19634712600370108,1.3042492904271716,0.0
349,0.15586559818013446,0.02794072961299493,1.0
350,0.33014286607319365,1.2727086476208491,0.0
351,0.0961434183368835,-0.17389939986564204,1.0
352,-0.2886673695325886,1.2575364561661782,0.0
353,1.8302208379879648,0.1174650522169054,1.0
354,1.5704904615037558,-0.34988670232701324,1.0
355,1.2654955376325785,-0.6647580623855118,1.0
356,-0.46550059671477245,1.3370006091825424,0.0
357,2.065689135051252,0.15295984701079485,1.0
358,1.3791574813902354,-0.4572147856198993,1.0
359,-0.4812608669051538,1.3365915755794533,0.0
360,-0.6779043132653231,0.982183290740639,0.0
361,0.7521237295605542,0.28883421312461566,0.0
362,0.23599483134932675,1.4317910475308673,0.0
363,-0.771252526085733,1.137336339153927,0.0
364,-0.647945332831865,1.358809705775244,0.0
365,0.3709883837528708,1.4379348801237177,0.0
366,1.906006376471479,0.28137041344466013,1.0
367,-0.4273537147447273,0.9665987950851259,0.0
368,-0.3728964525207045,1.2435616096226267,0.0
369,-0.29908158952945274,1.5507539453039048,0.0
370,1.9566746759068878,-0.006654492851568265,1.0
371,0.33230402154571337,1.262854704222506,0.0
372,0.3759004183737147,1.396285762947564,0.0
373,2.0016784432603085,0.24853926523859296,1.0
374,0.7079477077309637,1.1353440917612452,0.0
375,-0.13653717244884006,1.4590017949231062,0.0
376,0.8929720832946745,-0.5334498620735315,1.0
377,0.614910788600546,-0.4449229453586021,1.0
378,-0.4409345867003404,1.387736304361984,0.0
379,0.9703018703192574,0.9089809620229136,0.0
380,0.003613661913960911,0.23068178450633886,1.0
381,-0.47638222282063813,1.3996824804795716,0.0
382,0.3957449567400981,1.3681123989100215,0.0
383,1.848305475273742,-0.1876643710609944,1.0
384,0.43772509880370625,0.16414862172751968,1.0
385,1.774010303385753,0.009994195859693751,1.0
386,-0.041045969176153774,-0.307463614591566,1.0
387,-0.8963715888628287,0.48673049985042915,0.0
388,1.2743706242703046,0.4225125723180549,0.0
389,0.8703002977156975,-0.599115170984318,1.0
390,0.9978895212786348,-0.5765799463884183,1.0
391,-0.08120488978817926,1.3476705802123414,0.0
392,0.03894992689736476,1.2519561823612984,0.0
393,-0.11934141799769193,0.11576112762138534,1.0
394,1.2378421960334782,0.6796720062181942,0.0
395,0.919442128025969,0.9331047490600445,0.0
396,0.6281810651456099,1.217256534269096,0.0
397,-0.5805434644736417,1.4058507677083356,0.0
398,1.285125586106197,-0.10800012945417631,1.0
399,-1.0204221467191437,0.413229651267368,0.0
400,0.537944037864743,-0.1976038075481067,1.0
401,0.531935481406957,1.220610949020245,0.0
402,0.511794372483747,-0.5366163973002677,1.0
403,-0.640808121091263,1.0955378594631457,0.0
404,0.2858022877529259,-0.1947481837511885,1.0
405,0.14900190263791613,-0.2772712920916064,1.0
406,0.5448745287277581,0.8692672214522398,0.0
407,-1.2204395137883939,0.5941732365706274,0.0
408,0.338255845549009,-0.3127418792273576,1.0
409,1.273611717711468,-0.3538207851039931,1.0
410,1.6217602479168864,-0.26997745230573644,1.0
411,-0.6387700344042707,0.9159716412823441,0.0
412,0.15527287970330894,-0.06677553397459988,1.0
413,1.682843023561098,0.6665494879092023,1.0
414,-0.47122395496789404,1.2161706171723043,0.0
415,0.19477531052314984,1.0352162587995406,0.0
416,0.7541837119043235,1.2223953928480609,0.0
417,0.1595601776233489,1.278507576326652,0.0
418,0.1595761122142355,1.2012763446111636,0.0
419,0.5047065715329184,1.1539216633030889,0.0
420,0.7059288764752535,-0.2416769761836545,1.0
421,1.5685539120542955,-0.5596683910326304,1.0
422,-0.7057788535482825,1.06859251056889,0.0
423,0.7318263597288974,-0.7785586050746269,1.0
424,-1.27807611968619,0.8289246557217023,0.0
425,0.44870405507126776,-0.14757001128162464,1.0
426,1.4509655416216127,-0.26774360193566676,1.0
427,0.624434937451732,1.447931930287134,0.0
428,-0.900932697751047,0.6524962559583536,0.0
429,0.2628252061449788,-0.07966726582392407,1.0
430,2.03806276719829,0.46522014515715426,1.0
431,0.813831882698938,0.9050625634010784,0.0
432,1.249074981138596,0.6739323577366361,0.0
433,2.0571015743212007,0.02265465620141402,1.0
434,0.31130040445711493,0.6964712920845897,1.0
435,-0.046559977896475535,1.4544146005807148,0.0
436,0.21872463644213092,1.302618119326735,0.0
437,0.40241019747315027,1.1473767428500434,0.0
438,1.1479107480111743,-0.47106913653809795,1.0
439,0.13525417600664402,-0.26030709302467236,1.0
440,0.5570269706973773,-0.5352784713901927,1.0
441,0.4045172840529398,1.4691610546588394,0.0
442,2.0371003452970706,0.14459992376405545,1.0
443,-0.8616793523113453,1.0287913987772694,0.0
444,0.7335455318203752,1.015751626562805,0.0
445,0.7292120787217012,-0.734712788948046,1.0
446,0.8083320117373773,-0.42550556701529657,1.0
447,0.07241326348066561,1.2337534349807449,0.0
448,-0.13781586143080243,1.3032942385934643,0.0
449,0.36907009509194294,-0.3367807771974134,1.0
450,0.6691500938857929,-0.4043612506683221,1.0
451,1.7630190687545628,-0.18700705428615094,1.0
452,-1.1027970940466225,0.5452772765280983,0.0
453,1.882530632030071,0.250307970865303,1.0
454,0.19054698642065476,1.2320563795434352,0.0
455,-0.8495560442759164,1.0767149393866848,0.0
456,1.7537825282713773,-0.05514819104579049,1.0
457,-0.9369355493207407,0.6109901397945732,0.0
458,-0.2678070455141517,1.4840948972462367,0.0
459,1.1911744333396874,-0.48150609899565555,1.0
460,1.8808658707380512,-0.168822961585462,1.0
461,0.8708084870373181,0.2171317708526029,0.0
462,-0.7678977813211629,0.19224669412726428,0.0
463,0.09661164414283785,1.4776640063469682,0.0
464,1.8877020277142866,0.0578657788362206,1.0
465,0.9858490320557332,0.3756922895058533,0.0
466,0.14191535288410984,-0.19896254191725887,1.0
467,-0.0816874385546888,0.2431082930117061,1.0
468,-0.8073119369744189,0.8151436129444473,0.0
469,0.9260671485596939,-0.40022956369863577,1.0
470,1.7444125786351352,-0.20621011598502076,1.0
471,0.48230502119490276,-0.5734813185705077,1.0
472,0.6382550396109785,0.8987083906221495,0.0
473,-0.34809227853035646,1.2355225934813667,0.0
474,-0.04049523760071816,0.34640320744388975,1.0
475,0.9747376984686252,-0.3857917868686599,1.0
476,0.2546587663125013,1.3726194127242697,0.0
477,-0.21726567470014213,1.3671159587457247,0.0
478,0.871167556155147,0.659157747815118,0.0
479,0.9577483887961525,0.9035674041662093,0.0
480,-0.6514278757995092,1.417992364735328,0.0
481,0.511628686319576,-0.09186995892950145,1.0
482,-0.6955039553620408,0.7170257139866033,0.0
483,1.2045248574970846,0.6978287400302613,0.0
484,-0.6670411420214754,1.0482868074948306,0.0
485,-0.16474530135953933,0.20842794094710623,1.0
486,-0.784531539831767,0.542174631964859,0.0
487,0.24012667557928596,1.4964946632486154,0.0
488,0.5730892725832522,-0.5036670900747544,1.0
489,-0.05195220835250027,0.3973275797476146,1.0
490,0.1451308040497477,-0.023296545003339636,1.0
491,1.4058386329412742,-0.47688648702844666,1.0
492,2.3279382750644544,0.10329829720139978,1.0
493,0.5554636711284187,-0.37866147801396516,1.0
494,0.1373675809087388,1.3727066292488648,0.0
495,0.7413329057337265,-0.14352185319167945,1.0
496,0.04837047579966108,1.4384882032723012,0.0
497,-0.7147930059573331,1.289975595656484,0.0
498,0.44206833506990095,-0.12669827167101022,1.0
499,-0.6252663094376677,1.1929875491799824,0.0
500,0.40413274092635765,-0.09504181527761593,1.0
501,0.510251849374717,1.4249452141314758,0.0
502,0.7981221296414188,-0.279843958063274,1.0
503,-0.7448584647127102,0.8919872799374597,0.0
504,0.45445546733495373,1.3180299311566483,0.0
505,0.11840959511769063,0.4411314383673204,1.0
506,-0.6197032312010893,1.3399489622541814,0.0
507,0.07772718680788387,0.18534011513619386,1.0
508,0.5020678851450777,-0.3861362561392835,1.0
509,-0.9609862196598368,0.7296673337297459,0.0
510,0.39050466053479993,1.2852823121791437,0.0
511,0.0762402664292463,1.483710029208785,0.0
512,0.5443659851881809,1.2199257321622605,0.0
513,-0.9778691863424804,0.7254764917182351,0.0
514,0.2658739770393238,-0.18200937412967194,1.0
515,1.7569155791626647,0.196372164894917,1.0
516,1.5075638648436276,-0.6846480881672466,1.0
517,0.3094352344762693,-0.1838585584996788,1.0
518,0.9125997514783685,0.8625414071138661,0.0
519,1.3499691521861503,-0.6437013721179801,1.0
520,-1.1011006574214572,0.3582087573174096,0.0
521,1.0846193402067779,0.9394858957130677,0.0
522,1.1021838227102236,0.7862477103895882,0.0
523,0.49194153374977584,0.030972289196808833,1.0
524,0.8862970483277699,0.012138354945153362,0.0
525,-0.7293883991669338,1.2124113371191871,0.0
526,-0.540292261678633,0.6574796418112212,0.0
527,1.3941374990820918,-0.3317556806920976,1.0
528,0.10947221753097645,0.2849540216986638,1.0
529,0.5862500375802393,1.1183807535948636,0.0
530,0.49986655398246516,-0.4512963610971557,1.0
531,0.19114143864449132,-0.08580136444772613,1.0
532,0.3091920306394058,1.3849446014281317,0.0
533,-0.5441627514021512,1.339343314998768,0.0
534,0.8760369404966708,0.9937840954106466,0.0
535,0.5669003373556616,-0.5242381841667576,1.0
536,-0.9561508948387972,0.34750677592518353,0.0
537,0.025797727108299473,1.2952756733438742,0.0
538,0.7969850096001568,1.057085279759843,0.0
539,-0.006199122365541699,1.417453870689795,0.0
540,1.9273352551411222,0.37500493905188603,1.0
541,1.754274685922015,-0.1541788543123693,1.0
542,0.2689164805241086,-0.1981751006586013,1.0
543,1.2532930731748362,-0.4703422333166237,1.0
544,-0.6619688382199356,1.312559383818273,0.0
545,1.4520798512950617,-0.7410888755883517,1.0
546,0.916835007103933,0.628546759190747,0.0
547,0.4102240650559696,-0.12327852015618762,1.0
548,-0.6669548786537393,1.1581389065341692,0.0
549,1.7435382898852414,-0.1298880656708133,1.0
550,1.5525171655626018,-0.02348643844323995,1.0
551,1.06994466692381,0.19526744057222423,0.0
552,0.6917950902643475,1.3163538471739602,0.0
553,-0.5760526359870347,1.2631265211635099,0.0
554,1.712660723100589,-0.18592318011296852,1.0
555,0.848802493673585,-0.3325174923936108,1.0
556,1.4675755212921788,-0.10985263082176436,1.0
557,-0.088684812382468,0.08559665531746016,1.0
558,1.9857843025518247,-0.3008628230200906,1.0
559,0.63899680192694,1.610680527658352,0.0
560,1.2322000350049203,-0.27274548224858897,1.0
561,-0.5376091007241568,1.3318262885089085,0.0
562,0.48163309508877217,-0.439033697718862,1.0
563,-0.5719044929524886,1.2263792545214731,0.0
564,-0.7566314035929438,0.8632960281658927,0.0
565,1.7386818392693466,-0.2971669516199783,1.0
566,2.1504558485356764,0.2064408039621773,1.0
567,-0.9676268241542603,0.7206652543373115,0.0
568,0.877462399682809,0.6249613484228909,0.0
569,1.0786854630047493,-0.44531233331094716,1.0
570,-0.6567663797431808,0.872643560962975,0.0
571,0.012112315786151365,1.1520111499795556,0.0
572,0.9730690137592319,1.2160952412932224,0.0
573,0.1449710476651951,-0.48740860530209473,1.0
574,0.08839778238153753,0.28701747244117065,1.0
575,0.8313669504575621,0.9815483369118913,0.0
576,-0.07667400494661392,1.2025684152991483,0.0
577,0.7746875550005883,-0.4392920926960963,1.0
578,1.3220187466614812,-0.44805266207281785,1.0
579,0.821366787027549,1.3782446285751089,0.0
580,1.0467627558390076,0.2913417896763889,0.0
581,0.017416763440920763,0.3256340750113975,1.0
582,1.5408993273046017,-0.23017401383030928,1.0
583,1.1180117951611763,-0.39537751831125173,1.0
584,1.3312073941632256,-0.6596180701351593,1.0
585,-0.9661875175153908,0.7030369778187365,0.0
586,0.633061582692449,-0.48887199837815143,1.0
587,-0.6302569452980691,1.165559353416223,0.0
588,0.5497402592282078,1.440848561627106,0.0
589,0.012576418430990777,0.23458803436716166,1.0
590,0.20236984579666414,0.1797023123970053,1.0
591,-0.4661752052525061,1.062320007200766,0.0
592,1.9807320914128013,-0.12322406182089453,1.0
593,2.062696893350979,0.7092764882736007,1.0
594,1.695252289836321,-0.3073300926089215,1.0
595,1.1046153560789747,1.0566589245702493,0.0
596,-0.7225717829964317,0.9832527840278455,0.0
597,0.05159841936088611,-0.1568106533478127,1.0
598,-0.7242736034435471,0.31679859813242106,0.0
599,-1.1406579644901866,0.6997643474621522,0.0
600,0.5385815522168466,-0.2961836682927541,1.0
601,0.45427536849327826,-0.41547933526041786,1.0
602,0.06226456260132833,0.2155134155811274,1.0
603,1.4902439334509747,-0.3401485779658782,1.0
604,0.5055129038802617,-0.27055834556086283,1.0
605,1.8315568510327036,-0.07736984188818871,1.0
606,-0.4722570503885245,1.2969920657208587,0.0
607,0.5933178887039531,-0.40501618485756763,1.0
608,0.4075376034941804,-0.18908721155706898,1.0
609,0.1546390620078483,0.2204952453129883,1.0
610,0.23891167246270223,0.9445914958429418,0.0
611,-0.360553794964507,1.3432044099034264,0.0
612,0.8252128273365044,0.4208546992128443,0.0
613,1.5999834050220967,-0.13314613248785961,1.0
614,2.0158215742986623,0.16251149746267332,1.0
615,-0.9136092624464229,0.4643354054671306,0.0
616,1.187788697431423,-0.4955562032832584,1.0
617,-0.8895223194567361,0.6943306566120544,0.0
618,0.605684630261397,-0.3653915621244707,1.0
619,-0.9445365680903521,1.049154547410223,0.0
620,0.17683261132423378,0.24909455818784845,1.0
621,0.5340188369898682,-0.2915033029673888,1.0
622,1.8797505322589148,-0.2355402097896568,1.0
623,0.27103643987281983,1.4011843478945831,0.0
624,0.5095167782969251,-0.13117810773502714,1.0
625,-0.0069429491446609815,-0.10129048618057664,1.0
626,-0.1458881986236108,1.4752046548858662,0.0
627,-0.7079214710713624,0.9626843639926296,0.0
628,0.6248138582304711,-0.34965910656153915,1.0
629,0.8263865400452723,0.5613774906987863,0.0
630,1.878857505786698,0.28845628884363506,1.0
631,-1.1693945899001152,0.562973593175253,0.0
632,1.0015688388706039,-0.5705693916576275,1.0
633,0.7151754819126117,-0.5318694460527945,1.0
634,1.8453199078358746,-0.34030546202082734,1.0
635,-0.15562406002943763,0.43562018648929884,1.0
636,0.18928505670007267,0.12032762794255802,1.0
637,1.114760160161703,-0.308741719591746,1.0
638,1.769742916597957,-0.1850844209773957,1.0
639,0.03731810473534396,0.2952435291151817,1.0
640,1.8391983967398864,-0.21786486209901756,1.0
641,-0.25808403999696483,1.381004855111163,0.0
642,-0.08552166002170691,1.429069325543125,0.0
643,-0.7406272312341577,0.183539565598759,0.0
644,-0.9128503392700931,0.8294510085082303,0.0
645,0.027525354752365283,1.498526909769815,0.0
646,0.7272158489572631,0.8081400155056861,0.0
647,0.11216038816297248,-0.08883309691268726,1.0
648,2.066393119691183,0.2885692237135794,1.0
649,0.8502692346283557,0.3000124387392722,0.0
650,0.466725965724487,-0.27317344226624574,1.0
651,-0.9910970588113409,0.8750618808037514,0.0
652,0.009321919383816324,-0.06532675225817847,1.0
653,2.185335390930348,0.3823072724324787,1.0
654,0.5834146508676391,1.4964735542259966,0.0
655,2.2321113318808288,0.32116010915240906,1.0
656,1.8587839764076992,0.3715651471061712,1.0
657,0.8972692130297469,-0.3615975335841349,1.0
658,0.9939487350378238,-0.4468173034615026,1.0
659,0.2897650206065379,1.5058636456369254,0.0
660,0.4356347483055027,1.3164216477160873,0.0
661,0.28057738904092344,0.020327713682228965,1.0
662,-0.029332050868731883,0.2741058699718555,1.0
663,1.707503431251391,-0.41397142736734743,1.0
664,0.5148898418104094,1.104864518932576,0.0
665,0.8631292902680581,0.8152492822159273,0.0
666,1.019843555466394,0.6457486730896097,0.0
667,-0.09171419428329886,0.17686933044082837,1.0
668,1.891892163849446,-0.24339893254168987,1.0
669,0.9913772716579802,-0.13887731357683514,1.0
670,-0.06661276631562191,0.1842944055296632,1.0
671,-0.2936599873130611,1.191064880157172,0.0
672,-1.1763911879624556,0.5747967519979574,0.0
673,-0.9552551504109111,0.3767755117022681,0.0
674,2.1399476141733516,0.2594204136162174,1.0
675,-0.835109080211923,0.9752357654109775,0.0
676,1.1102928226639155,-0.504846030122251,1.0
677,0.755954788365397,0.8528094645588016,0.0
678,-1.0824569376071225,0.7906214938073112,0.0
679,0.6391397776377814,0.9907726998531181,0.0
680,1.6517649962437198,-0.28251788079760265,1.0
681,1.8484497064252627,-0.03389686169674029,1.0
682,0.49308624961828806,-0.34430864081615203,1.0
683,-0.6696756491190335,0.8763388480735927,0.0
684,0.43757217067795623,-0.6201788449544325,1.0
685,2.069678529736489,0.46326160965350827,1.0
686,1.0167181970428503,-0.6158469055597457,1.0
687,0.9710098662495115,-0.47912727677014044,1.0
688,1.8957458169677794,-0.08944879331501719,1.0
689,1.4552439848635852,-0.3667124598137254,1.0
690,-0.36067624707258317,1.2663456023351995,0.0
691,0.08437187087153088,0.22374760807850036,1.0
692,-0.8049291689170213,1.3874500235984457,0.0
693,0.9990841317437174,1.0408347553660637,0.0
694,-0.07159455635608201,0.474343156561308,1.0
695,0.0900321619975416,0.5679022028832911,1.0
696,-0.788566569279532,1.289663129243865,0.0
697,0.17320833867475405,1.2444122831889506,0.0
698,1.9645761455052348,-0.01755688377969583,1.0
699,0.4733482728205805,1.1313501112282784,0.0
700,-0.15663719194269105,1.24014363346263,0.0
701,0.8339697105896506,0.9574626229563964,0.0
702,0.7750126469099522,0.898099290577097,0.0
703,0.011859092342893217,0.3854376484878647,1.0
704,1.34816462422812,-0.6205724683460974,1.0
705,2.1148607650169855,0.3310704480715497,1.0
706,0.307851376818396,1.26645649628838,0.0
707,0.23277965632129788,1.4409997138895125,0.0
708,-0.624382186642535,1.3126997283804531,0.0
709,-0.8766901430698488,1.0247621826289364,0.0
710,1.2041062492405459,-0.7060585865591349,1.0
711,1.9401948379446328,-0.2810706421459651,1.0
712,1.5589898343181035,0.006239896239122522,1.0
713,1.2977362560255759,-0.5824648694782882,1.0
714,0.2107004697252661,1.342233727869274,0.0
715,0.4968330354328286,1.1933341971853477,0.0
716,-0.8389041519696994,0.7727472823378568,0.0
717,1.5445752338765146,-0.48432490180320686,1.0
718,-0.06506787177098916,1.1310059063051234,0.0
719,1.6016415483927213,-0.2913976915595664,1.0
720,-0.2994109959071362,1.1653042574155275,0.0
721,1.8730601926558856,0.19693201918687797,1.0
722,1.8776529400459718,0.5689134176381477,1.0
723,-0.059165071909641806,1.650327906185848,0.0
724,0.27305257130518434,-0.12363819567205234,1.0
725,1.2573619618991958,0.770491675251715,0.0
726,0.6001441358242614,1.3679044983401756,0.0
727,1.0389620856752113,0.5372520366052977,0.0
728,-0.38428711600293397,1.560707772371556,0.0
729,0.7972326275563318,0.5363024415586317,0.0
730,2.2443764244350346,0.09309420937155669,1.0
731,0.17286055133647305,1.518652803962738,0.0
732,-1.1358071779592145,1.0313581327360644,0.0
733,0.8576621611151883,-0.5043541725970068,1.0
734,-0.6536124482753358,1.040888378288014,0.0
735,0.8582061151653858,-0.4394615418577254,1.0
736,-0.3922408407995337,1.4956734959456828,0.0
737,0.891071711558257,0.9348422822014445,0.0
738,-0.9333955196843454,0.8258487211899616,0.0
739,0.09724968136992923,-0.014654948650059452,1.0
740,0.22559566036608147,-0.12790246892584636,1.0
741,-0.15111185916952613,0.23001359861900603,1.0
742,1.6087108672638297,-0.2781276663688415,1.0
743,1.3393718718963563,-0.6792523712775582,1.0
744,1.8133262919013455,-0.5820230001678387,1.0
745,0.4436977809812924,-0.6715645045133949,1.0
746,0.17537204347926993,1.5946830990009553,0.0
747,0.1578026493641649,0.09032716485494507,1.0
748,1.3810996170232517,-0.4491156290168997,1.0
749,0.10187353005189592,-0.34956349825160815,1.0
750,0.643523116971463,-0.2548213969676761,1.0
751,1.4889598454197155,-0.44635041430563144,1.0
752,-1.0069275065300392,0.7602016436614811,0.0
753,0.7623332222407105,-0.38194500531714,1.0
754,0.738279410647615,1.1861674774625648,0.0
755,0.36849217796487527,1.4350387962578557,0.0
756,0.40721615873287975,-0.15896433400537657,1.0
757,1.5101620957227304,-0.47011691251095783,1.0
758,1.4135972321176977,-0.4179113516748665,1.0
759,1.6412269080542032,-0.41599522208655315,1.0
760,0.9872894508337549,-0.5079899381669192,1.0
761,1.9901864458329872,0.4421006236363146,1.0
762,0.7484158110882652,-0.5040267778461425,1.0
763,0.8478849914288695,-0.5395236256346654,1.0
764,2.0699812182266104,-0.18994556328545412,1.0
765,0.4832395709012188,-0.3722483239285378,1.0
766,0.09166822685424053,1.4348770216247249,0.0
767,1.2583853654121135,0.7683058448629398,0.0
768,1.2666028393381037,0.6549616091585142,0.0
769,-0.7041272111767977,1.1725757159263885,0.0
770,0.06163872828748576,1.404132542002031,0.0
771,0.8909734923230809,-0.566029238493386,1.0
772,0.6940929073425586,1.184990106414502,0.0
773,-0.604656722812887,1.3603183563864079,0.0
774,0.5162973591762655,1.01250030772566,0.0
775,0.3214718702970273,1.4964737573183746,0.0
776,0.08214875043337891,1.158093322641541,0.0
777,-1.111473707684021,0.4431204836135018,0.0
778,0.12762772645807663,0.037543380987531405,1.0
779,-0.07927234903039956,1.4961049444872763,0.0
780,1.808873498147703,0.3001969780224699,1.0
781,0.13237313530481506,-0.029156364914264155,1.0
782,1.4101892680134822,-0.44946017257615595,1.0
783,2.1194378612423743,-0.004209810298741276,1.0
784,0.18868598691586572,0.6480268508897997,1.0
785,0.26289806770367397,1.0838476557554984,0.0
786,-1.1350140724234938,0.545301864770481,0.0
787,-0.3777296723216673,1.218136913731432,0.0
788,0.6863446301259352,1.178025379474283,0.0
789,1.8173646371291063,0.6518802760572189,1.0
790,0.05585521341150425,0.4590014339594696,1.0
791,0.16332570269430816,1.2372438567848136,0.0
792,0.613206855192515,-0.6492632069049615,1.0
793,0.23091062595091216,0.05913999610498899,1.0
794,-1.1136076550229383,0.7383253117847133,0.0
795,0.6945081367797025,0.9701947765046123,0.0
796,-0.8135442954693476,0.5455550120143096,0.0
797,1.5134600768666866,0.6475898549929944,0.0
798,0.951173577258844,1.0844711918297116,0.0
799,0.4551542321947142,1.0532381002016318,0.0
800,0.4611556903508398,1.27115051684482,0.0
801,-0.18955567657847677,0.43033404195353253,1.0
802,0.627566957445714,-0.33236373045650797,1.0
803,0.30416530127095176,-0.3363484434056129,1.0
804,-0.9579482408549487,0.6448304169233333,0.0
805,0.19495659169260163,-0.2269995926306168,1.0
806,0.6942919351908392,1.0955075652353066,0.0
807,0.9021046109432306,-0.6025127830176199,1.0
808,0.12674567048065594,1.6043675774220962,0.0
809,2.053244126862982,0.2807632099314856,1.0
810,-0.3990469025369553,1.4482656436935684,0.0
811,1.7490476230064598,-0.24222000678858907,1.0
812,-0.21606162651687819,1.5494119667487776,0.0
813,-0.85899428197482,0.6433841862659939,0.0
814,-1.046628239806965,0.8218692122826534,0.0
815,0.33713032349861993,-0.0959770348085028,1.0
816,0.9333796016870552,0.4322697935251334,0.0
817,-0.5598803935613937,1.3260309629891829,0.0
818,-0.21688476529202133,1.085562317871796,0.0
819,-0.006331634314415829,0.9988771523533136,0.0
820,0.13385471574991087,1.5499773525316023,0.0
821,0.8745187302662435,0.9251040520686062,0.0
822,-0.1101420146212778,0.6192958101096706,1.0
823,1.3293898190380309,-0.347550791440421,1.0
824,0.3323162035118059,-0.30362440398156987,1.0
825,-0.4001413863399791,1.5107791175008267,0.0
826,-0.12849020295943392,1.6854394925672347,0.0
827,0.21195624854856265,-0.4152539757925819,1.0
828,2.049529195839971,0.22280787443603525,1.0
829,-0.9793225107573821,0.7692008509455246,0.0
830,0.44847991987890623,1.4377110693266202,0.0
831,-0.5400165729787461,0.9640395748934268,0.0
832,1.5888877347437262,-0.10792677406703476,1.0
833,1.9849080114720168,0.5309097380840753,1.0
834,-0.1287677106222035,1.4478075764883949,0.0
835,1.0234328290486774,-0.33862096481852205,1.0
836,1.9633181599489093,0.16855270655523777,1.0
837,0.4183618211426238,1.5483647543829906,0.0
838,0.9902776034787181,0.5172635467619873,0.0
839,0.8795856691943471,1.0631847746736236,0.0
840,-0.3826331104288257,1.5881044410130682,0.0
841,1.0403527260747552,-0.4800582783094772,1.0
842,1.093554353739513,0.42350521506979255,0.0
843,0.8952258346992631,0.38592241953469525,0.0
844,1.0817010711253636,0.9743540208735347,0.0
845,1.1553815498132896,-0.4975532838577354,1.0
846,1.0390876705595464,0.7333174132938252,0.0
847,1.900637681534444,0.45668981018805294,1.0
848,0.5513758736652468,0.5176536267540728,0.0
849,1.0935758234148745,0.6562916053126658,0.0
850,1.2630242899908792,-0.5346026853003708,1.0
851,-1.0114367221353082,1.092712871205677,0.0
852,-0.09651007000344966,0.12019052136029577,1.0
853,0.053661544103788456,1.4393856164386252,0.0
854,0.7435697117437243,1.0396702761241308,0.0
855,0.8385226850958932,-0.6338864284943864,1.0
856,0.19859426361203386,-0.17526186429302698,1.0
857,0.7847597674761957,1.051617738960255,0.0
858,0.694108960227453,-0.42678965409498926,1.0
859,0.15100694333977724,-0.17721262073925736,1.0
860,0.9046062596483839,0.8290875789077241,0.0
861,-0.7482494100289999,0.9757954347510223,0.0
862,0.7894496489008671,1.0378110176750226,0.0
863,0.5934247270205651,-0.2713973177574246,1.0
864,1.0853350496636485,0.7113824316285431,0.0
865,1.7412414320115583,-0.06755965620563939,1.0
866,0.03617362449228835,0.2762357203751865,1.0
867,-0.7032453301737598,1.2701219683421696,0.0
868,-0.016682888317500193,0.650122175542894,1.0
869,-0.8356797827350735,1.332681705673024,0.0
870,0.5312902278295657,1.1734888430396433,0.0
871,-0.5913990871007238,0.9019282881975738,0.0
872,0.1562740328659076,-0.0854187261265365,1.0
873,0.12352523174215843,-0.1192669777147552,1.0
874,-0.7161768324289984,0.906262587741299,0.0
875,1.4449743817058398,-0.3716872606219147,1.0
876,1.2771068469513212,-0.30207007977510514,1.0
877,-0.33276961712725395,1.455691679167221,0.0
878,0.4811499728094485,-0.35568552545296706,1.0
879,-0.022191823747508402,1.8021765782378778,0.0
880,-0.07683469655348923,0.06184959042425661,1.0
881,0.29456150704226564,1.4139535409154802,0.0
882,0.8600491688998625,1.0186369893280407,0.0
883,1.8727710821308405,-0.05426326002509635,1.0
884,1.9121719206558112,0.18540142325819337,1.0
885,0.519355814074909,1.1000163198092392,0.0
886,0.12721979894510624,0.06982586332022991,1.0
887,-0.1129110901539552,1.5496640282944152,0.0
888,0.23546998536978675,0.311490702609424,1.0
889,1.5790079861678767,-0.1412966713851535,1.0
890,-0.8436007172914051,0.9603727936496255,0.0
891,0.8658707895256695,-0.4938369535751332,1.0
892,1.5586758839001826,-0.6681934742909109,1.0
893,0.20086224218490442,1.3204363926652163,0.0
894,0.6258265095532584,-0.4359587103212058,1.0
895,0.6230085490956565,1.1702071527775995,0.0
896,1.6147722022126516,0.023870595263701,1.0
897,0.35780795471746535,1.476525296613271,0.0
898,1.5421158325013917,-0.1960640820019559,1.0
899,0.6069995196302457,1.185598550442876,0.0
900,1.8327006221345568,0.3563619641781356,1.0
901,0.9516609737150653,0.645144761938985,0.0
902,1.234368728399381,-0.44474274118765184,1.0
903,-0.4081624161242868,1.5254422993238776,0.0
904,0.4112240375635492,1.0564063016445666,0.0
905,0.9196578865361089,0.8402844205827412,0.0
906,0.4726431243141405,-0.441870712837492,1.0
907,0.25135127628427223,-0.23750914206618295,1.0
908,0.5765547247331668,-0.13360175775396962,1.0
909,-1.049597912860719,0.7629366901766941,0.0
910,1.9563981152408418,-0.216044670350267,1.0
911,0.7875153889573094,0.8010668877035176,0.0
912,0.8026845206975478,1.25455023536286,0.0
913,-1.0526826570145462,0.9012604280627865,0.0
914,1.4292937469446567,-0.5595859529373494,1.0
915,0.6562063204643508,1.2961832040116184,0.0
916,1.6737870500378003,-0.07410746694470119,1.0
917,-0.09025820241349503,1.502487362804477,0.0
918,1.0980305617122492,0.7522472951018249,0.0
919,-0.603322106224096,1.3549802979358536,0.0
920,-0.14427168001340346,1.3905639382611321,0.0
921,1.9039529530535202,-0.3215388941268386,1.0
922,2.053563126111181,0.09978705178471689,1.0
923,-0.8388902874752011,0.506730165744234,0.0
924,1.0391525556813197,0.7348234332370838,0.0
925,0.34706316364710604,0.06012808284060159,1.0
926,-0.8568975541971028,1.147461587887233,0.0
927,-0.3952089156621309,1.2276705209376222,0.0
928,-0.3131135341000461,1.322131549121837,0.0
929,1.0196177888007296,-0.509327933564965,1.0
930,-1.1291955177654398,0.5327459353172217,0.0
931,-0.337417607291998,0.07669285427799989,1.0
932,1.891059364762278,0.008738502810746812,1.0
933,0.6965862290415175,1.041280671308757,0.0
934,1.8767829416048694,0.2713373276311337,1.0
935,1.9123724252391876,-0.16204483526513574,1.0
936,0.8516418493825317,0.8433049767004414,0.0
937,1.8173009256066912,-0.4300678650315036,1.0
938,0.8791604108712848,0.530594741510885,0.0
939,0.2315815941439547,1.3657065738396397,0.0
940,1.7345468402642459,-0.3470567251261687,1.0
941,-0.6701101424208,0.5119819903702094,0.0
942,0.20572768981670092,0.4318332862501446,1.0
943,0.39011648004465943,-0.6533079533512487,1.0
944,0.5920315573708393,1.0635594044117067,0.0
945,0.018089785715260813,1.3618796947375886,0.0
946,0.9560182801362672,-0.3560653137241085,1.0
947,0.080810918302305,-0.02383500340688821,1.0
948,0.29936400519589623,0.25319070278977146,1.0
949,0.12047421153177551,-0.4198165079591327,1.0
950,0.6519087102759479,-0.5974064154949703,1.0
951,-0.24977580442890396,1.305275071505948,0.0
952,-0.3116863054847101,1.228828611657109,0.0
953,-0.7928648820413979,0.9575516562368356,0.0
954,1.8385132794211667,0.019608943734421312,1.0
955,0.5729943849281913,0.859844569749898,0.0
956,0.3479024525458768,-0.38808564783414623,1.0
957,1.3629761437738215,-0.47005766825839423,1.0
958,2.0600074280266782,0.3940711199694027,1.0
959,0.3937025832668824,1.1451495611344358,0.0
960,0.9912993377330088,1.346786522546847,0.0
961,1.6563150258882475,-0.38170458858032325,1.0
962,-1.0132533942267186,0.8601939747753093,0.0
963,-0.8851146973955137,0.9488142120477893,0.0
964,1.7820877097670182,-0.39901138299184924,1.0
965,0.674859614619836,-0.33543109442907637,1.0
966,1.337566279007932,-0.5392516429588586,1.0
967,0.5876107780826823,1.2226677727881399,0.0
968,1.834549601716613,-0.11877924946655644,1.0
969,1.0708702258677703,-0.5234209402729241,1.0
970,1.0929712755054446,0.5467787973426201,0.0
971,1.4340176295140152,-0.5894629937855629,1.0
972,0.05554600057108589,0.2333935722432389,1.0
973,0.401156003065142,-0.00954453783518705,1.0
974,1.3549429075686252,-0.34930184733944775,1.0
975,1.8573769035430858,0.22311202606082378,1.0
976,0.457903738665353,1.2858874232507882,0.0
977,1.0102365438708123,0.911554076201,0.0
978,0.40746594639858463,0.3136382087142694,1.0
979,-1.0538486004208176,0.1519279229923953,0.0
980,0.9632858830480708,-0.44392168989832864,1.0
981,-0.3404238722635803,1.4430866444032735,0.0
982,-0.6185909256328707,0.9780219238343096,0.0
983,0.09508036513353223,-0.2688646643103989,1.0
984,-1.073313777270107,0.31499944017562154,0.0
985,0.7985028982446178,0.9045169748150786,0.0
986,0.2109050894158512,0.06451675856052524,1.0
987,1.180347456625004,-0.47463327151120244,1.0
988,0.7944381896283103,-0.3537288973749039,1.0
989,-0.12734736037428696,1.1784747584363937,0.0
990,0.7848192110682429,-0.6266492665703499,1.0
991,1.092004424396104,0.33154555117563905,0.0
992,-0.7452254933284802,1.1948403477927316,0.0
993,0.7172536268549161,-0.6772559425236218,1.0
994,0.8457400131222651,-0.25514043013794413,1.0
995,1.5665791951335584,-0.0245537913739991,1.0
996,0.29203242803589236,1.3698256304971799,0.0
997,0.35132285482982484,-0.5336131051212394,1.0
998,0.15631506492543762,0.08097761280188046,1.0
999,0.5140154947247679,-0.503676035642997,1.0
